client_id,predicted
C000003,none
C000032,insurance
C000042,none
C000046,none
C000048,insurance
C000049,none
C000058,none
C000061,cloud
C000065,gym
C000068,insurance
C000070,streaming
C000071,music
C000075,none
C000081,cloud
C000086,software
C000087,gym
C000089,cloud
C000092,none
C000096,gym
C000107,none
C000108,streaming
C000112,none
C000123,mobile
C000125,none
C000138,none
C000143,mobile
C000145,software
C000154,none
C000156,none
C000170,none
C000176,software
C000180,software
C000193,none
C000200,cloud
C000216,none
C000224,mobile
C000227,mobile
C000229,none
C000232,software
C000241,none
C000256,gym
C000258,gym
C000260,gym
C000266,none
C000269,software
C000280,software
C000289,insurance
C000294,none
C000298,none
C000299,streaming
C000301,gym
C000303,mobile
C000316,mobile
C000320,software
C000325,music
C000328,none
C000331,gym
C000333,streaming
C000337,insurance
C000341,gym
C000346,software
C000362,music
C000365,none
C000366,software
C000367,streaming
C000370,cloud
C000371,insurance
C000374,music
C000377,none
C000380,streaming
C000383,software
C000384,insurance
C000386,none
C000395,gym
C000396,none
C000397,cloud
C000402,none
C000405,streaming
C000411,cloud
C000416,none
C000423,none
C000432,software
C000450,gym
C000451,none
C000463,streaming
C000474,mobile
C000476,none
C000479,cloud
C000483,none
C000485,none
C000486,none
C000487,none
C000505,music
C000514,none
C000515,gym
C000517,mobile
C000520,none
C000530,music
C000535,insurance
C000541,none
C000545,music
C000547,insurance
C000553,none
C000562,software
C000565,gym
C000566,none
C000568,music
C000569,music
C000571,none
C000572,none
C000573,streaming
C000577,none
C000582,none
C000583,gym
C000593,software
C000594,insurance
C000595,none
C000601,cloud
C000604,none
C000619,none
C000628,gym
C000635,none
C000637,streaming
C000650,none
C000653,none
C000654,none
C000655,none
C000664,none
C000687,music
C000704,none
C000706,gym
C000708,streaming
C000711,mobile
C000720,insurance
C000724,none
C000729,none
C000739,gym
C000741,software
C000745,gym
C000748,music
C000752,none
C000754,streaming
C000757,music
C000765,none
C000770,none
C000773,insurance
C000774,none
C000785,none
C000788,streaming
C000790,none
C000795,music
C000798,streaming
C000802,gym
C000804,cloud
C000806,none
C000810,none
C000812,software
C000818,none
C000828,insurance
C000845,gym
C000853,none
C000855,software
C000860,none
C000866,streaming
C000869,none
C000875,gym
C000879,software
C000881,music
C000896,none
C000897,software
C000898,gym
C000899,mobile
C000902,cloud
C000909,gym
C000913,none
C000941,none
C000944,gym
C000946,none
C000947,insurance
C000952,mobile
C000969,none
C000973,none
C000979,cloud
C000986,mobile
C000987,music
C000995,mobile
C001005,software
C001010,none
C001012,software
C001017,none
C001023,none
C001032,insurance
C001034,software
C001039,insurance
C001041,cloud
C001049,none
C001059,none
C001065,none
C001070,cloud
C001078,none
C001082,music
C001083,gym
C001085,gym
C001091,gym
C001099,none
C001104,streaming
C001107,cloud
C001111,none
C001125,cloud
C001145,music
C001158,none
C001161,gym
C001167,insurance
C001177,streaming
C001180,music
C001186,gym
C001190,none
C001193,none
C001195,cloud
C001201,none
C001206,none
C001217,music
C001218,music
C001219,none
C001246,none
C001251,software
C001257,software
C001262,none
C001263,insurance
C001270,mobile
C001282,cloud
C001286,music
C001287,gym
C001296,mobile
C001297,insurance
C001300,streaming
C001304,none
C001330,none
C001332,none
C001339,none
C001343,none
C001344,insurance
C001357,none
C001358,streaming
C001360,none
C001368,gym
C001370,software
C001373,streaming
C001394,none
C001403,none
C001404,software
C001407,software
C001423,gym
C001432,streaming
C001454,cloud
C001456,streaming
C001466,streaming
C001471,insurance
C001473,music
C001477,mobile
C001482,none
C001489,music
C001496,music
C001505,none
C001508,mobile
C001515,none
C001518,none
C001535,none
C001538,none
C001539,gym
C001541,streaming
C001543,software
C001544,software
C001545,none
C001546,none
C001550,insurance
C001558,none
C001568,streaming
C001579,gym
C001580,insurance
C001586,mobile
C001603,streaming
C001605,insurance
C001606,streaming
C001611,none
C001619,mobile
C001622,none
C001623,insurance
C001636,insurance
C001637,none
C001638,none
C001646,cloud
C001651,streaming
C001652,cloud
C001657,mobile
C001659,music
C001667,none
C001675,none
C001679,none
C001688,cloud
C001690,software
C001691,none
C001694,software
C001702,streaming
C001711,cloud
C001725,none
C001730,none
C001733,gym
C001738,cloud
C001739,none
C001746,gym
C001748,music
C001754,mobile
C001761,none
C001771,none
C001774,gym
C001777,insurance
C001780,none
C001782,music
C001786,gym
C001796,gym
C001803,cloud
C001811,gym
C001812,music
C001814,none
C001816,streaming
C001821,none
C001823,gym
C001829,none
C001830,none
C001835,mobile
C001836,none
C001837,none
C001845,music
C001861,insurance
C001862,none
C001869,gym
C001874,gym
C001887,gym
C001888,none
C001892,gym
C001907,none
C001910,none
C001917,insurance
C001920,insurance
C001938,none
C001954,none
C001971,none
C001982,software
C001989,cloud
C001990,streaming
C001991,none
C001992,mobile
C002009,insurance
C002017,streaming
C002019,cloud
C002023,insurance
C002029,none
C002035,software
C002038,cloud
C002048,gym
C002065,none
C002066,none
C002073,none
C002080,cloud
C002083,insurance
C002090,none
C002123,none
C002125,music
C002130,none
C002133,gym
C002137,mobile
C002140,none
C002141,insurance
C002145,none
C002156,none
C002159,none
C002161,gym
C002169,streaming
C002178,mobile
C002180,mobile
C002185,music
C002190,none
C002202,streaming
C002205,none
C002210,mobile
C002211,none
C002217,cloud
C002221,none
C002244,insurance
C002248,insurance
C002252,none
C002258,none
C002262,none
C002263,software
C002264,software
C002269,gym
C002270,gym
C002287,none
C002289,mobile
C002290,mobile
C002295,music
C002306,gym
C002308,streaming
C002315,streaming
C002317,software
C002319,insurance
C002328,insurance
C002334,mobile
C002336,gym
C002339,none
C002340,gym
C002341,cloud
C002342,insurance
C002345,none
C002348,none
C002359,insurance
C002377,none
C002381,mobile
C002383,none
C002385,none
C002390,none
C002392,none
C002396,mobile
C002403,none
C002408,none
C002409,none
C002410,insurance
C002412,software
C002416,none
C002446,none
C002454,cloud
C002465,none
C002467,gym
C002469,none
C002486,none
C002496,none
C002497,none
C002502,gym
C002505,insurance
C002509,software
C002510,none
C002515,none
C002520,none
C002524,none
C002529,software
C002540,music
C002546,streaming
C002547,gym
C002551,none
C002554,none
C002556,none
C002557,insurance
C002558,none
C002561,mobile
C002565,gym
C002576,none
C002578,insurance
C002588,none
C002591,insurance
C002592,none
C002598,none
C002614,none
C002630,cloud
C002640,none
C002652,gym
C002654,gym
C002658,gym
C002659,music
C002662,mobile
C002669,none
C002674,cloud
C002675,none
C002681,none
C002682,none
C002684,mobile
C002685,cloud
C002691,none
C002693,none
C002695,music
C002701,none
C002702,none
C002704,none
C002706,none
C002708,none
C002718,software
C002722,music
C002728,streaming
C002735,none
C002745,gym
C002748,cloud
C002756,mobile
C002766,cloud
C002770,none
C002776,streaming
C002778,none
C002783,cloud
C002784,none
C002785,none
C002787,music
C002789,none
C002790,music
C002824,mobile
C002825,mobile
C002845,none
C002854,none
C002857,music
C002864,none
C002878,music
C002881,streaming
C002887,cloud
C002888,none
C002904,none
C002906,none
C002914,gym
C002925,cloud
C002933,cloud
C002936,none
C002937,gym
C002939,none
C002951,none
C002956,streaming
C002961,streaming
C002962,none
C002965,gym
C002968,mobile
C002972,insurance
C002974,mobile
C002979,none
C002982,none
C002983,streaming
C003000,software
C003002,none
C003003,gym
C003005,gym
C003013,software
C003014,none
C003016,none
C003027,gym
C003028,none
C003033,none
C003036,gym
C003039,none
C003040,insurance
C003042,gym
C003052,none
C003056,gym
C003057,cloud
C003059,none
C003064,music
C003091,none
C003093,none
C003094,software
C003097,gym
C003102,mobile
C003117,software
C003131,cloud
C003136,none
C003142,none
C003159,none
C003166,none
C003169,software
C003174,none
C003190,software
C003195,music
C003204,none
C003208,none
C003219,software
C003222,cloud
C003225,none
C003226,mobile
C003239,insurance
C003253,streaming
C003262,none
C003275,insurance
C003279,none
C003288,gym
C003296,gym
C003316,insurance
C003317,cloud
C003318,none
C003321,none
C003328,none
C003329,cloud
C003336,music
C003337,cloud
C003341,music
C003344,mobile
C003350,none
C003363,music
C003366,mobile
C003368,gym
C003370,none
C003390,mobile
C003394,none
C003402,none
C003410,cloud
C003416,streaming
C003417,insurance
C003418,cloud
C003432,none
C003436,insurance
C003441,insurance
C003452,streaming
C003454,gym
C003464,streaming
C003465,gym
C003471,mobile
C003477,cloud
C003503,cloud
C003505,cloud
C003523,none
C003525,none
C003527,music
C003533,gym
C003541,none
C003545,gym
C003547,mobile
C003548,none
C003551,mobile
C003554,cloud
C003555,none
C003564,none
C003565,gym
C003566,none
C003568,cloud
C003574,none
C003581,mobile
C003601,none
C003603,none
C003604,cloud
C003611,music
C003620,software
C003627,insurance
C003628,none
C003632,none
C003633,cloud
C003643,none
C003645,streaming
C003651,none
C003655,none
C003665,streaming
C003671,none
C003673,none
C003678,none
C003679,none
C003686,cloud
C003688,none
C003701,streaming
C003702,none
C003704,streaming
C003707,music
C003711,music
C003712,none
C003730,music
C003731,gym
C003737,none
C003742,gym
C003757,none
C003758,music
C003759,streaming
C003760,insurance
C003777,gym
C003783,none
C003795,none
C003797,insurance
C003798,none
C003800,insurance
C003803,music
C003804,insurance
C003828,none
C003834,music
C003839,none
C003845,none
C003847,music
C003859,music
C003861,none
C003865,none
C003867,none
C003871,none
C003884,none
C003895,music
C003902,software
C003909,insurance
C003915,none
C003916,none
C003922,none
C003923,none
C003934,none
C003945,gym
C003955,insurance
C003956,gym
C003958,none
C003974,music
C003975,software
C003977,none
C003983,streaming
C003984,none
C003997,gym
C003998,mobile
