shifted_cutoff,horizon_fully_observed,live_streams,stream_stop_90d,live_clients,all_live_stop_90d,live_client_none_90d
2025-03-01,True,331,0.033232628398791486,315,0.03492063492063492,0.0
2025-04-01,True,668,0.046407185628742464,593,0.04384485666104553,0.0
2025-05-01,True,1013,0.04639684106614017,823,0.03645200486026731,0.0
2025-06-01,True,1365,0.04322344322344318,1040,0.03461538461538462,0.0
2025-07-01,True,1718,0.026193247962747357,1206,0.017412935323383085,0.0
2025-08-01,True,2147,0.043316255239869594,1371,0.018964259664478483,0.00437636761487965
2025-09-01,True,2573,0.0823940924990284,1505,0.0425249169435216,0.008637873754152824
2025-10-01,True,2975,0.11462184873949577,1612,0.05024813895781638,0.020471464019851116
2025-10-03,True,2997,0.1174507841174508,1622,0.0499383477188656,0.02096177558569667
