cutoff,min_payments,min_payments_before,churn,none_share,rule_macro_f1,none_gap,rule_gap,verdict
2025-07-05,2,0,0,0.0795,0.3979,-0.2190,-0.1352,fail
2025-07-05,3,0,0,0.0985,0.4208,-0.2000,-0.1124,fail
2025-07-05,4,0,0,0.1395,0.4688,-0.1590,-0.0643,fail
2025-07-05,5,0,0,0.1915,0.5192,-0.1070,-0.0139,fail
2025-07-05,6,0,0,0.2550,0.5691,-0.0435,0.0360,pass
2025-07-05,7,0,0,0.2985,0.6122,0.0000,0.0791,fail
2025-07-05,8,0,0,0.3465,0.6686,0.0480,0.1355,fail
2025-07-05,9,0,0,0.4110,0.7374,0.1125,0.2043,fail
2025-07-05,10,0,0,0.5015,0.7978,0.2030,0.2647,fail
2025-07-05,2,1,0,0.2120,0.5180,-0.0865,-0.0152,fail
2025-07-05,3,1,0,0.2270,0.5324,-0.0715,-0.0007,fail
2025-07-05,4,1,0,0.2565,0.5665,-0.0420,0.0334,pass
2025-07-05,5,1,0,0.2805,0.5928,-0.0180,0.0597,fail
2025-07-05,6,1,0,0.2965,0.6122,-0.0020,0.0791,fail
2025-07-05,7,1,0,0.3075,0.6213,0.0090,0.0882,fail
2025-07-05,8,1,0,0.3495,0.6715,0.0510,0.1384,fail
2025-07-05,9,1,0,0.4125,0.7394,0.1140,0.2063,fail
2025-07-05,10,1,0,0.5030,0.7991,0.2045,0.2660,fail
2025-07-05,3,2,0,0.3015,0.6258,0.0030,0.0927,fail
2025-07-05,4,2,0,0.3150,0.6408,0.0165,0.1076,fail
2025-07-05,5,2,0,0.3315,0.6562,0.0330,0.1231,fail
2025-07-05,6,2,0,0.3425,0.6707,0.0440,0.1376,fail
2025-07-05,7,2,0,0.3500,0.6747,0.0515,0.1416,fail
2025-07-05,8,2,0,0.3610,0.6860,0.0625,0.1529,fail
2025-07-05,9,2,0,0.4155,0.7418,0.1170,0.2087,fail
2025-07-05,10,2,0,0.5060,0.8018,0.2075,0.2687,fail
2025-07-05,4,3,0,0.3945,0.7356,0.0960,0.2025,fail
2025-07-05,5,3,0,0.3960,0.7385,0.0975,0.2054,fail
2025-07-05,6,3,0,0.3990,0.7409,0.1005,0.2078,fail
2025-07-05,7,3,0,0.4055,0.7436,0.1070,0.2105,fail
2025-07-05,8,3,0,0.4105,0.7457,0.1120,0.2126,fail
2025-07-05,9,3,0,0.4240,0.7528,0.1255,0.2197,fail
2025-07-05,10,3,0,0.5080,0.8065,0.2095,0.2734,fail
2025-07-05,2,0,0.1,0.1775,0.3945,-0.1210,-0.1386,fail
2025-07-05,3,0,0.1,0.1955,0.4153,-0.1030,-0.1178,fail
2025-07-05,4,0,0.1,0.2320,0.4589,-0.0665,-0.0742,fail
2025-07-05,5,0,0.1,0.2780,0.5026,-0.0205,-0.0305,pass
2025-07-05,6,0,0.1,0.3365,0.5474,0.0380,0.0143,pass
2025-07-05,7,0,0.1,0.3740,0.5840,0.0755,0.0509,fail
2025-07-05,8,0,0.1,0.4190,0.6398,0.1205,0.1067,fail
2025-07-05,9,0,0.1,0.4730,0.6993,0.1745,0.1662,fail
2025-07-05,10,0,0.1,0.5565,0.7552,0.2580,0.2220,fail
2025-07-05,2,1,0.1,0.3015,0.5029,0.0030,-0.0302,pass
2025-07-05,3,1,0.1,0.3150,0.5158,0.0165,-0.0173,pass
2025-07-05,4,1,0.1,0.3410,0.5470,0.0425,0.0139,pass
2025-07-05,5,1,0.1,0.3600,0.5706,0.0615,0.0375,fail
2025-07-05,6,1,0.1,0.3740,0.5874,0.0755,0.0543,fail
2025-07-05,7,1,0.1,0.3825,0.5930,0.0840,0.0599,fail
2025-07-05,8,1,0.1,0.4220,0.6427,0.1235,0.1096,fail
2025-07-05,9,1,0.1,0.4745,0.7014,0.1760,0.1683,fail
2025-07-05,10,1,0.1,0.5580,0.7564,0.2595,0.2233,fail
2025-07-05,3,2,0.1,0.3790,0.6027,0.0805,0.0696,fail
2025-07-05,4,2,0.1,0.3915,0.6174,0.0930,0.0843,fail
2025-07-05,5,2,0.1,0.4060,0.6317,0.1075,0.0986,fail
2025-07-05,6,2,0.1,0.4165,0.6443,0.1180,0.1112,fail
2025-07-05,7,2,0.1,0.4220,0.6458,0.1235,0.1127,fail
2025-07-05,8,2,0.1,0.4320,0.6565,0.1335,0.1234,fail
2025-07-05,9,2,0.1,0.4775,0.7038,0.1790,0.1707,fail
2025-07-05,10,2,0.1,0.5610,0.7591,0.2625,0.2260,fail
2025-07-05,4,3,0.1,0.4595,0.6998,0.1610,0.1666,fail
2025-07-05,5,3,0.1,0.4610,0.7027,0.1625,0.1696,fail
2025-07-05,6,3,0.1,0.4640,0.7051,0.1655,0.1720,fail
2025-07-05,7,3,0.1,0.4695,0.7068,0.1710,0.1737,fail
2025-07-05,8,3,0.1,0.4735,0.7090,0.1750,0.1759,fail
2025-07-05,9,3,0.1,0.4855,0.7148,0.1870,0.1817,fail
2025-07-05,10,3,0.1,0.5630,0.7640,0.2645,0.2309,fail
2025-07-05,2,0,0.15,0.2260,0.3911,-0.0725,-0.1420,fail
2025-07-05,3,0,0.15,0.2435,0.4104,-0.0550,-0.1227,fail
2025-07-05,4,0,0.15,0.2760,0.4504,-0.0225,-0.0827,fail
2025-07-05,5,0,0.15,0.3195,0.4922,0.0210,-0.0409,pass
2025-07-05,6,0,0.15,0.3740,0.5337,0.0755,0.0006,fail
2025-07-05,7,0,0.15,0.4100,0.5688,0.1115,0.0357,fail
2025-07-05,8,0,0.15,0.4520,0.6224,0.1535,0.0893,fail
2025-07-05,9,0,0.15,0.5050,0.6800,0.2065,0.1469,fail
2025-07-05,10,0,0.15,0.5835,0.7322,0.2850,0.1991,fail
2025-07-05,2,1,0.15,0.3430,0.4933,0.0445,-0.0398,pass
2025-07-05,3,1,0.15,0.3565,0.5056,0.0580,-0.0275,fail
2025-07-05,4,1,0.15,0.3800,0.5340,0.0815,0.0009,fail
2025-07-05,5,1,0.15,0.3980,0.5566,0.0995,0.0235,fail
2025-07-05,6,1,0.15,0.4105,0.5727,0.1120,0.0396,fail
2025-07-05,7,1,0.15,0.4180,0.5776,0.1195,0.0445,fail
2025-07-05,8,1,0.15,0.4545,0.6250,0.1560,0.0919,fail
2025-07-05,9,1,0.15,0.5060,0.6817,0.2075,0.1486,fail
2025-07-05,10,1,0.15,0.5845,0.7331,0.2860,0.2000,fail
2025-07-05,3,2,0.15,0.4170,0.5902,0.1185,0.0571,fail
2025-07-05,4,2,0.15,0.4275,0.6038,0.1290,0.0707,fail
2025-07-05,5,2,0.15,0.4415,0.6170,0.1430,0.0839,fail
2025-07-05,6,2,0.15,0.4505,0.6288,0.1520,0.0957,fail
2025-07-05,7,2,0.15,0.4550,0.6295,0.1565,0.0963,fail
2025-07-05,8,2,0.15,0.4640,0.6387,0.1655,0.1056,fail
2025-07-05,9,2,0.15,0.5090,0.6841,0.2105,0.1510,fail
2025-07-05,10,2,0.15,0.5875,0.7357,0.2890,0.2026,fail
2025-07-05,4,3,0.15,0.4920,0.6812,0.1935,0.1481,fail
2025-07-05,5,3,0.15,0.4935,0.6833,0.1950,0.1502,fail
2025-07-05,6,3,0.15,0.4965,0.6857,0.1980,0.1526,fail
2025-07-05,7,3,0.15,0.5010,0.6865,0.2025,0.1534,fail
2025-07-05,8,3,0.15,0.5050,0.6887,0.2065,0.1556,fail
2025-07-05,9,3,0.15,0.5170,0.6943,0.2185,0.1612,fail
2025-07-05,10,3,0.15,0.5895,0.7397,0.2910,0.2066,fail
2025-07-05,2,0,0.2,0.2720,0.3921,-0.0265,-0.1411,fail
2025-07-05,3,0,0.2,0.2885,0.4101,-0.0100,-0.1230,fail
2025-07-05,4,0,0.2,0.3190,0.4482,0.0205,-0.0849,fail
2025-07-05,5,0,0.2,0.3600,0.4890,0.0615,-0.0441,fail
2025-07-05,6,0,0.2,0.4095,0.5286,0.1110,-0.0045,fail
2025-07-05,7,0,0.2,0.4435,0.5621,0.1450,0.0290,fail
2025-07-05,8,0,0.2,0.4835,0.6155,0.1850,0.0824,fail
2025-07-05,9,0,0.2,0.5320,0.6686,0.2335,0.1355,fail
2025-07-05,10,0,0.2,0.6050,0.7148,0.3065,0.1817,fail
2025-07-05,2,1,0.2,0.3825,0.4906,0.0840,-0.0426,fail
2025-07-05,3,1,0.2,0.3955,0.5026,0.0970,-0.0305,fail
2025-07-05,4,1,0.2,0.4170,0.5287,0.1185,-0.0044,fail
2025-07-05,5,1,0.2,0.4335,0.5510,0.1350,0.0179,fail
2025-07-05,6,1,0.2,0.4445,0.5673,0.1460,0.0342,fail
2025-07-05,7,1,0.2,0.4510,0.5708,0.1525,0.0376,fail
2025-07-05,8,1,0.2,0.4860,0.6181,0.1875,0.0850,fail
2025-07-05,9,1,0.2,0.5330,0.6703,0.2345,0.1372,fail
2025-07-05,10,1,0.2,0.6060,0.7157,0.3075,0.1826,fail
2025-07-05,3,2,0.2,0.4525,0.5835,0.1540,0.0504,fail
2025-07-05,4,2,0.2,0.4620,0.5966,0.1635,0.0635,fail
2025-07-05,5,2,0.2,0.4755,0.6099,0.1770,0.0768,fail
2025-07-05,6,2,0.2,0.4835,0.6212,0.1850,0.0881,fail
2025-07-05,7,2,0.2,0.4870,0.6210,0.1885,0.0879,fail
2025-07-05,8,2,0.2,0.4950,0.6298,0.1965,0.0966,fail
2025-07-05,9,2,0.2,0.5360,0.6728,0.2375,0.1396,fail
2025-07-05,10,2,0.2,0.6090,0.7183,0.3105,0.1852,fail
2025-07-05,4,3,0.2,0.5215,0.6712,0.2230,0.1381,fail
2025-07-05,5,3,0.2,0.5230,0.6743,0.2245,0.1412,fail
2025-07-05,6,3,0.2,0.5255,0.6763,0.2270,0.1432,fail
2025-07-05,7,3,0.2,0.5295,0.6767,0.2310,0.1435,fail
2025-07-05,8,3,0.2,0.5335,0.6788,0.2350,0.1457,fail
2025-07-05,9,3,0.2,0.5435,0.6827,0.2450,0.1496,fail
2025-07-05,10,3,0.2,0.6105,0.7219,0.3120,0.1888,fail
2025-07-05,2,0,0.25,0.3210,0.3916,0.0225,-0.1415,fail
2025-07-05,3,0,0.25,0.3340,0.4081,0.0355,-0.1250,fail
2025-07-05,4,0,0.25,0.3615,0.4426,0.0630,-0.0905,fail
2025-07-05,5,0,0.25,0.4005,0.4818,0.1020,-0.0513,fail
2025-07-05,6,0,0.25,0.4465,0.5178,0.1480,-0.0153,fail
2025-07-05,7,0,0.25,0.4780,0.5513,0.1795,0.0182,fail
2025-07-05,8,0,0.25,0.5165,0.6027,0.2180,0.0696,fail
2025-07-05,9,0,0.25,0.5605,0.6507,0.2620,0.1176,fail
2025-07-05,10,0,0.25,0.6290,0.6916,0.3305,0.1585,fail
2025-07-05,2,1,0.25,0.4220,0.4852,0.1235,-0.0479,fail
2025-07-05,3,1,0.25,0.4335,0.4966,0.1350,-0.0365,fail
2025-07-05,4,1,0.25,0.4540,0.5207,0.1555,-0.0124,fail
2025-07-05,5,1,0.25,0.4695,0.5419,0.1710,0.0088,fail
2025-07-05,6,1,0.25,0.4795,0.5561,0.1810,0.0230,fail
2025-07-05,7,1,0.25,0.4850,0.5588,0.1865,0.0257,fail
2025-07-05,8,1,0.25,0.5190,0.6053,0.2205,0.0722,fail
2025-07-05,9,1,0.25,0.5615,0.6525,0.2630,0.1194,fail
2025-07-05,10,1,0.25,0.6300,0.6924,0.3315,0.1593,fail
2025-07-05,3,2,0.25,0.4860,0.5706,0.1875,0.0375,fail
2025-07-05,4,2,0.25,0.4955,0.5838,0.1970,0.0507,fail
2025-07-05,5,2,0.25,0.5085,0.5968,0.2100,0.0637,fail
2025-07-05,6,2,0.25,0.5155,0.6067,0.2170,0.0736,fail
2025-07-05,7,2,0.25,0.5185,0.6060,0.2200,0.0729,fail
2025-07-05,8,2,0.25,0.5265,0.6148,0.2280,0.0817,fail
2025-07-05,9,2,0.25,0.5640,0.6545,0.2655,0.1214,fail
2025-07-05,10,2,0.25,0.6325,0.6946,0.3340,0.1615,fail
2025-07-05,4,3,0.25,0.5515,0.6549,0.2530,0.1218,fail
2025-07-05,5,3,0.25,0.5530,0.6581,0.2545,0.1250,fail
2025-07-05,6,3,0.25,0.5555,0.6601,0.2570,0.1270,fail
2025-07-05,7,3,0.25,0.5590,0.6598,0.2605,0.1267,fail
2025-07-05,8,3,0.25,0.5630,0.6620,0.2645,0.1289,fail
2025-07-05,9,3,0.25,0.5715,0.6647,0.2730,0.1316,fail
2025-07-05,10,3,0.25,0.6340,0.6982,0.3355,0.1651,fail
2025-07-05,2,0,0.3,0.3680,0.3864,0.0695,-0.1467,fail
2025-07-05,3,0,0.3,0.3795,0.4017,0.0810,-0.1314,fail
2025-07-05,4,0,0.3,0.4040,0.4352,0.1055,-0.0979,fail
2025-07-05,5,0,0.3,0.4380,0.4703,0.1395,-0.0628,fail
2025-07-05,6,0,0.3,0.4805,0.5032,0.1820,-0.0300,fail
2025-07-05,7,0,0.3,0.5090,0.5350,0.2105,0.0019,fail
2025-07-05,8,0,0.3,0.5465,0.5855,0.2480,0.0524,fail
2025-07-05,9,0,0.3,0.5895,0.6311,0.2910,0.0980,fail
2025-07-05,10,0,0.3,0.6530,0.6669,0.3545,0.1338,fail
2025-07-05,2,1,0.3,0.4605,0.4745,0.1620,-0.0586,fail
2025-07-05,3,1,0.3,0.4710,0.4854,0.1725,-0.0477,fail
2025-07-05,4,1,0.3,0.4875,0.5075,0.1890,-0.0256,fail
2025-07-05,5,1,0.3,0.5015,0.5272,0.2030,-0.0059,fail
2025-07-05,6,1,0.3,0.5110,0.5403,0.2125,0.0072,fail
2025-07-05,7,1,0.3,0.5160,0.5426,0.2175,0.0095,fail
2025-07-05,8,1,0.3,0.5490,0.5883,0.2505,0.0551,fail
2025-07-05,9,1,0.3,0.5905,0.6329,0.2920,0.0998,fail
2025-07-05,10,1,0.3,0.6540,0.6677,0.3555,0.1346,fail
2025-07-05,3,2,0.3,0.5190,0.5553,0.2205,0.0222,fail
2025-07-05,4,2,0.3,0.5265,0.5674,0.2280,0.0343,fail
2025-07-05,5,2,0.3,0.5385,0.5798,0.2400,0.0467,fail
2025-07-05,6,2,0.3,0.5450,0.5895,0.2465,0.0564,fail
2025-07-05,7,2,0.3,0.5480,0.5886,0.2495,0.0555,fail
2025-07-05,8,2,0.3,0.5560,0.5975,0.2575,0.0644,fail
2025-07-05,9,2,0.3,0.5925,0.6345,0.2940,0.1014,fail
2025-07-05,10,2,0.3,0.6560,0.6695,0.3575,0.1363,fail
2025-07-05,4,3,0.3,0.5795,0.6340,0.2810,0.1009,fail
2025-07-05,5,3,0.3,0.5810,0.6373,0.2825,0.1041,fail
2025-07-05,6,3,0.3,0.5835,0.6392,0.2850,0.1061,fail
2025-07-05,7,3,0.3,0.5870,0.6388,0.2885,0.1057,fail
2025-07-05,8,3,0.3,0.5910,0.6409,0.2925,0.1078,fail
2025-07-05,9,3,0.3,0.5995,0.6444,0.3010,0.1113,fail
2025-07-05,10,3,0.3,0.6575,0.6731,0.3590,0.1400,fail
